{"0_hop": [{"source_node": 0, "activate_score": [1.0, 1.0, 1.0], "cascade_txs_index": 410781439, "path_source_height": 575015}], "1_hop": [{"source_node": 410781439, "activate_score": [1.0, 1.0, 1.0], "cascade_txs_index": 410826482, "path_source_height": 575015}], "2_hop": [{"source_node": 410826482, "activate_score": [0.9451148183909529, 0.00939051730522598, 0.47725266784808945], "cascade_txs_index": 410868260, "path_source_height": 575015}], "3_hop": [{"source_node": 410868260, "activate_score": [0.9451148183909529, 0.25047862653787073, 0.5977967224644118], "cascade_txs_index": 411113701, "path_source_height": 575015}], "4_hop": [{"source_node": 411113701, "activate_score": [0.9337644945935798, 1.0, 0.96688224729679], "cascade_txs_index": 411128298, "path_source_height": 575015}, {"source_node": 411113701, "activate_score": [0.011350323797373102, 0.024257447897524945, 0.017803885847449023], "cascade_txs_index": 411147453, "path_source_height": 575015}], "5_hop": [{"source_node": 411128298, "activate_score": [0.09333609307349754, 1.0, 0.5466680465367487], "cascade_txs_index": 411130797, "path_source_height": 575015}], "6_hop": [{"source_node": 411130797, "activate_score": [0.09316961015408602, 1.0, 0.546584805077043], "cascade_txs_index": 411136954, "path_source_height": 575015}]}